"date","new_cases","new_deaths","icu_patients","hosp_patients","stringency_index","temp","humidity","precip","windspeed","transit_stations","residential"
"2021-01-01",8603,97,703,1957,78.7,2.4,93,0.65,12.4,-64.857,16.286
"2021-01-02",7402,36,698,2005,78.7,2.9,97.5,1.118,13.5,-63.857,16.571
"2021-01-03",6563,47,704,2006,78.7,3.5,87,0.005,24.2,-62.857,16.571
"2021-01-04",6341,63,715,2130,78.7,3.1,84.8,0.886,33.4,-62.857,16.286
"2021-01-05",7138,187,731,2159,78.7,3,89.1,0.23,25.7,-62.429,15.857
"2021-01-06",9635,137,704,2131,78.7,2.5,86.9,0.23,23.4,-62,15.571
"2021-01-07",8143,85,712,2052,78.7,2.9,91.3,6.695,23,-61.857,15.429
"2021-01-08",7344,87,708,1936,78.7,1.9,93.8,0.826,10.1,-59.286,14.143
"2021-01-09",6612,136,700,1874,78.7,0.5,89.5,0.109,14.4,-58.286,13.857
"2021-01-10",5417,54,711,1850,78.7,2.5,87.8,0,17.3,-57.714,13.714
"2021-01-11",4892,50,702,1926,78.7,5.7,86.6,1.924,33.8,-57.286,13.571
"2021-01-12",6100,152,695,1945,78.7,5.6,84.6,10.547,34.3,-56.857,13.429
"2021-01-13",6484,122,700,1821,78.7,4.5,78.2,0.589,29.8,-56.571,13.143
"2021-01-14",6031,89,693,1814,78.7,1.9,79.3,0.035,23.5,-56.286,12.857
"2021-01-15",5272,94,690,1784,78.7,1.4,78.6,0,19.2,-56.286,12.714
"2021-01-16",5598,97,671,1694,78.7,1.1,84.4,1.426,30.8,-57,12.714
"2021-01-17",4769,41,676,1708,78.7,3.8,92.2,0.728,23,-57.429,12.714
"2021-01-18",4285,50,690,1744,78.7,5,89,0.032,29.6,-57.286,12.571
"2021-01-19",5538,106,683,1767,78.7,7.8,90.6,16.687,46,-57.571,12.571
"2021-01-20",5800,86,679,1709,78.7,8.8,74.4,0.097,40.8,-57.571,12.571
"2021-01-21",5749,89,677,1667,78.7,7.3,76.6,5.891,52.3,-57.429,12.571
"2021-01-22",5430,85,674,1684,78.7,4.6,83.1,2.366,30.7,-57,12.571
"2021-01-23",4891,88,673,1633,82.41,3.2,87.4,1.268,23.7,-56.857,12.714
"2021-01-24",4046,30,680,1667,82.41,1.9,85.9,0.63,17,-56.429,12.714
"2021-01-25",3922,39,664,1720,82.41,1.8,85.3,1.575,30.7,-56.286,12.714
"2021-01-26",4735,86,674,1705,82.41,4.6,83.1,2.179,31.4,-56,12.714
"2021-01-27",4699,68,651,1648,82.41,4.7,92.4,0.993,30.6,-56.286,12.857
"2021-01-28",4365,83,645,1595,82.41,4.8,95.6,9.695,18.1,-56.571,13
"2021-01-29",4198,56,659,1572,82.41,7.1,90.9,9.578,39.6,-57,13.143
"2021-01-30",3706,87,640,1600,82.41,0.7,80.8,0,27.8,-57.143,13.143
"2021-01-31",3188,39,646,1573,82.41,-1.1,81.1,0,21.3,-56.714,13
"2021-02-01",3578,27,639,1631,82.41,0.7,92.4,1.547,17.9,-56.857,13
"2021-02-02",4028,83,629,1640,82.41,3.3,94.4,2.342,20.8,-57,13
"2021-02-03",4207,61,613,1601,82.41,8.2,94.1,15.263,27.7,-57,13
"2021-02-04",4333,65,602,1519,82.41,6.7,89.9,0.159,27.4,-56.429,12.714
"2021-02-05",4085,60,573,1479,82.41,6.3,93.9,3.353,17.4,-56.143,12.571
"2021-02-06",3941,61,547,1436,82.41,3,91.7,1.039,44.3,-56,12.429
"2021-02-07",2221,48,535,1445,82.41,-3.5,85.5,6.503,50.5,-58.571,13.143
"2021-02-08",1754,25,542,1492,78.7,-4.5,79.5,0.976,38.5,-59.857,14
"2021-02-09",3197,83,550,1460,78.7,-2.9,75.5,1.047,21.8,-59.857,14.286
"2021-02-10",4414,79,533,1457,78.7,-3.2,77.2,0.176,19.8,-59.429,14.429
"2021-02-11",4354,72,537,1415,78.7,-5.1,78.1,0.176,14.1,-59.143,14.714
"2021-02-12",4200,65,534,1370,78.7,-5,72.8,0,33.7,-58.571,14.714
"2021-02-13",3450,66,538,1325,78.7,-4.7,64.7,0,23.1,-57.286,14.571
"2021-02-14",2814,23,530,1329,78.7,-1.1,56.1,0,28,-53.857,13.857
"2021-02-15",2704,27,536,1386,78.7,2.6,82,6.686,29.7,-53,13.571
"2021-02-16",3373,86,526,1400,78.7,6.6,88.8,1.636,26.8,-52.429,13.143
"2021-02-17",4526,88,520,1399,78.7,8.6,87.7,0.918,30,-52.143,12.857
"2021-02-18",4732,72,523,1408,78.7,8.4,81.9,3.906,30.1,-52.286,12.714
"2021-02-19",4571,49,510,1433,78.7,6.8,83.1,0.298,26.8,-52.286,12.571
"2021-02-20",4674,62,522,1336,78.7,11.6,73.4,0,29.2,-51.571,12.429
"2021-02-21",4162,17,534,1315,78.7,11.2,72.5,0,23.2,-49.857,12
"2021-02-22",3806,32,561,1347,78.7,11.4,65.8,0,19.8,-48.429,11.143
"2021-02-23",4367,94,538,1379,78.7,12.2,77.4,0.018,32.6,-47.857,10.857
"2021-02-24",5014,63,533,1350,78.7,13.4,70.4,0,27,-46.714,10.429
"2021-02-25",5114,32,526,1361,78.7,10.3,81.5,0,23.6,-46.143,10.143
"2021-02-26",4939,65,525,1339,78.7,6.1,85.4,0.062,23.6,-45.857,10
"2021-02-27",4671,40,518,1291,78.7,4.4,91,0,9.8,-46.143,10
"2021-02-28",3764,20,526,1322,78.7,3.7,90.4,0,16.6,-47.143,10.143
"2021-03-01",3984,21,536,1375,78.7,5.6,86.2,0,20.1,-47.143,10.143
"2021-03-02",4998,65,540,1444,78.7,6.3,81.6,0,14.8,-46.857,10.143
"2021-03-03",4118,48,549,1397,75,4,94.7,0,12.9,-47.143,10.143
"2021-03-04",4670,33,539,1384,75,4.1,84.4,0,23.5,-47.286,10.143
"2021-03-05",5337,32,541,1370,75,2.8,69.9,0.004,20.6,-47,10
"2021-03-06",4529,41,542,1321,75,1.3,79.6,0,12.8,-47.143,10
"2021-03-07",3834,30,545,1306,75,2.3,76.6,0,16.8,-48,10.143
"2021-03-08",4297,28,558,1347,75,4.9,78.1,1.991,19.7,-47.714,10
"2021-03-09",5274,56,556,1407,75,5.5,87.4,4.44,23,-47.857,10
"2021-03-10",5323,31,560,1353,75,5.4,84.1,2.916,41.9,-48.143,10.143
"2021-03-11",6027,50,572,1353,75,8.8,79.6,1.712,72.4,-48,10.286
"2021-03-12",6400,26,576,1334,75,6.8,79.6,4.183,52.9,-48.286,10.429
"2021-03-13",5974,22,554,1321,75,6.9,77.9,6.363,57.5,-49.286,10.714
"2021-03-14",5469,23,554,1368,75,6.6,79.7,1.035,33.2,-49.429,10.857
"2021-03-15",4905,18,564,1455,75,6.5,84.4,2.634,37.3,-49.429,11
"2021-03-16",5927,32,586,1451,75,5.6,88.4,5.334,20.6,-49.429,11
"2021-03-17",6130,46,568,1424,75,5.3,84.5,0.243,22.2,-48.429,10.857
"2021-03-18",7375,33,564,1436,75,4.6,87.5,0.464,22.3,-48.286,10.714
"2021-03-19",7599,46,579,1462,75,4.8,74,0,21.8,-47.714,10.571
"2021-03-20",6967,16,602,1445,75,3.9,87.2,0.138,18.1,-46.429,10.143
"2021-03-21",6261,15,611,1462,75,6.4,78.4,0.104,28.1,-46.429,10
"2021-03-22",5563,15,638,1555,75,5.7,81.4,0.014,15.3,-46.286,9.857
"2021-03-23",7583,49,623,1575,75,6.3,84.2,0,23.9,-46,9.714
"2021-03-24",7708,32,625,1562,75,7.1,78.8,0,24.9,-46.143,9.714
"2021-03-25",7566,26,619,1573,75,7.9,79.4,0.33,28.5,-45.714,9.571
"2021-03-26",8798,24,625,1596,75,9.9,70.9,1.294,37.1,-45.571,9.571
"2021-03-27",7442,29,643,1595,75,6.7,72.3,1.019,39.1,-46,9.714
"2021-03-28",6718,15,655,1593,75,9,75.8,0.19,44.2,-46,9.857
"2021-03-29",5832,10,675,1667,75,11.5,66.8,0,32.4,-45.429,9.714
"2021-03-30",7633,34,682,1728,75,12.1,60,0,14.8,-44.429,9.571
"2021-03-31",7840,29,681,1653,75,13.6,60.3,0,13.9,-43.429,9.286
"2021-04-01",7257,21,688,1639,75,9.9,72.6,0,25.8,-42.857,9
"2021-04-02",7628,16,705,1625,75,5.5,78.5,0.049,23.8,-43.429,9.143
"2021-04-03",6822,31,734,1614,75,6.9,67.9,0,22.1,-42.571,8.857
"2021-04-04",5320,16,730,1587,75,6.2,74,0,24.4,-42.286,8.571
"2021-04-05",5541,7,746,1628,75,4.6,74.1,1.446,44.2,-45.571,10.286
"2021-04-06",6359,20,750,1748,75,2.7,75.8,3.508,36.8,-46.714,10.571
"2021-04-07",7793,23,776,1782,75,3.8,79.3,8.508,43.9,-48.286,11.143
"2021-04-08",7635,19,798,1727,75,5.3,64.6,0.007,32.3,-48.857,11.429
"2021-04-09",7684,40,784,1711,75,7.4,76.9,0,29.1,-48.143,11.143
"2021-04-10",8221,23,787,1704,75,5.1,81.5,9.287,29,-49.286,11.571
"2021-04-11",6675,17,788,1729,75,4.4,76.7,2.235,28.7,-49.286,11.857
"2021-04-12",6685,20,794,1788,75,3.4,78.2,2.13,27.5,-46.286,10.286
"2021-04-13",5389,31,794,1760,75,4.8,67.8,0,20.4,-45.857,10.143
"2021-04-14",8742,26,784,1715,75,4.4,73.6,0.13,24.5,-45.286,9.857
"2021-04-15",8901,13,789,1688,75,5.1,72.1,0.07,20.2,-45,9.714
"2021-04-16",8288,12,792,1698,75,6.3,66.8,0,22.1,-44.714,9.571
"2021-04-17",8508,31,802,1626,75,6.6,71.6,0,18.6,-43,9.143
"2021-04-18",7117,12,808,1670,75,7.8,78.7,0,19.9,-41.286,8.714
"2021-04-19",6824,22,813,1731,75,9.2,79.5,0,15.7,-41,8.571
"2021-04-20",8475,27,823,1830,75,10.8,74.1,0,16.7,-40.286,8.429
"2021-04-21",9612,18,822,1792,75,7.9,74.3,0,25.8,-40,8.286
"2021-04-22",9210,19,839,1843,75,6.5,65.9,0,20.6,-39.857,8.286
"2021-04-23",8062,14,837,1776,75,6.7,74.2,0,14.9,-39.571,8.143
"2021-04-24",8014,22,816,1698,75,7.5,70.5,0,26.8,-39.286,8
"2021-04-25",6200,11,841,1691,75,7,64.2,0,20.9,-39.714,8.143
"2021-04-26",5342,13,813,1759,71.3,6.5,66,0,24.1,-39.571,8.143
"2021-04-27",8649,31,820,1777,71.3,9.1,56.1,0,20.5,-40.571,9.143
"2021-04-28",7277,11,814,1797,67.59,10.2,54.3,0,26.6,-40.143,9
"2021-04-29",7758,20,813,1891,67.59,7.8,81.5,13.707,33.4,-40.714,9.143
"2021-04-30",5759,24,807,1899,67.59,7.8,87.9,4.782,16.8,-41,9.286
"2021-05-01",5508,21,811,1827,67.59,7.4,79.6,0.243,23.2,-40.571,9.143
"2021-05-02",9187,3,804,1796,67.59,6.9,72.2,0.004,26.8,-40.429,9
"2021-05-03",7735,17,825,1817,67.59,9.3,70.6,0.02,31.1,-40.571,8.857
"2021-05-04",7273,32,818,1795,67.59,9.2,77.4,8.69,52.6,-40.857,8.143
"2021-05-05",6792,24,830,1715,67.59,7.3,73.5,2.367,46.4,-42.143,8.571
"2021-05-06",7485,24,807,1744,67.59,6.9,76.1,1.159,19,-41.571,8.429
"2021-05-07",7402,21,797,1724,67.59,7.1,72,0.645,27.3,-41.429,8.286
"2021-05-08",6563,29,778,1700,67.59,9.1,80.8,4.046,31.5,-42.429,8.429
"2021-05-09",5858,4,767,1668,67.59,17,74.1,4.78,30.7,-41.143,8
"2021-05-10",5521,17,757,1730,67.59,15.5,77.2,4.695,35.3,-40.571,8
"2021-05-11",6361,43,748,1732,67.59,13.1,84,2.946,15.2,-39.286,7.714
"2021-05-12",6017,16,738,1607,67.59,11.7,76.9,0.455,22.9,-37.143,6.857
"2021-05-13",5515,14,733,1498,67.59,12.2,80,3.379,25.3,-37.571,7.714
"2021-05-14",4451,10,728,1522,67.59,10.7,81.5,0.155,15.3,-37.714,8.286
"2021-05-15",4441,13,710,1473,67.59,10.3,84.3,8.054,13.4,-37,8.286
"2021-05-16",2829,13,686,1466,67.59,11.5,83,4.329,23.2,-38.143,8.714
"2021-05-17",5336,7,681,1502,67.59,11.2,86,11.263,26.7,-38.143,8.714
"2021-05-18",4564,17,646,1503,67.59,11.4,79.4,0.791,23.9,-37.714,8.571
"2021-05-19",4651,15,637,1365,67.59,10.9,83.6,2.893,19,-38.429,9
"2021-05-20",4168,18,621,1278,67.59,11.5,77.5,0.257,29.1,-37.143,7.714
"2021-05-21",3172,12,608,1214,67.59,12.8,66.5,0.892,60.3,-36.429,7
"2021-05-22",3422,19,602,1129,67.59,10.6,83.9,13.729,39.4,-37,7
"2021-05-23",2700,7,610,1104,67.59,11,76.6,2.074,32.2,-36.571,7
"2021-05-24",2462,10,598,1097,67.59,11.4,84,7.602,29.5,-39,8.429
"2021-05-25",2774,13,579,1102,67.59,10.6,84.2,1.807,31.8,-39.286,8.286
"2021-05-26",3336,10,559,1059,67.59,10.7,84.5,2.307,36.3,-39.286,8.286
"2021-05-27",3862,16,541,971,67.59,10.7,86.9,6.026,26.5,-39.429,8.429
"2021-05-28",3388,15,521,919,67.59,12.3,76.9,0,13.6,-38.429,8.143
"2021-05-29",2719,8,499,853,67.59,12.2,79.2,0,17.3,-36,7.714
"2021-05-30",2045,6,486,841,67.59,14,75.1,0,21.3,-33.429,7.143
"2021-05-31",2320,2,477,850,67.59,16.2,69.4,0,17.2,-30,5.286
"2021-06-01",2521,9,447,793,67.59,18.5,54,0,21.1,-28.857,5
"2021-06-02",2735,12,420,769,67.59,20.3,60.5,0,16.4,-27.571,4.571
"2021-06-03",2397,14,394,704,67.59,19.6,75.5,0,23.7,-27.143,4.429
"2021-06-04",2127,8,377,688,67.59,19,73.7,0.036,17.5,-27.429,4.429
"2021-06-05",1547,9,351,658,67.59,14.7,93.2,11.317,19.8,-28.429,4.571
"2021-06-06",1385,4,344,654,67.59,16.1,70.4,0,17.8,-29.143,4.714
"2021-06-07",1424,3,343,650,67.59,16.3,68.5,0,17.5,-29.286,4.714
"2021-06-08",1725,15,321,616,67.59,18.4,67,0,15.9,-29.286,4.714
"2021-06-09",1569,5,304,530,67.59,18.3,70.7,0,20.5,-29.429,4.571
"2021-06-10",1385,6,297,486,67.59,18.1,74.8,0,17.3,-29,4.286
"2021-06-11",1212,3,281,448,67.59,17.3,87.7,0,23.8,-28.714,4
"2021-06-12",1045,1,269,403,67.59,16.4,75.5,0,22.5,-27.857,3.714
"2021-06-13",852,2,265,411,67.59,16.2,69.4,0,9.1,-27.429,3.429
"2021-06-14",1042,4,263,418,67.59,19.1,66.5,0,19.8,-27.286,3.286
"2021-06-15",1027,1,250,395,67.59,17.9,68,0,16.2,-27.429,3.286
"2021-06-16",1075,4,239,366,67.59,21,64.4,0,16.8,-27.429,3.286
"2021-06-17",895,3,226,347,67.59,22.9,71.2,0,29.4,-27.857,3.286
"2021-06-18",689,1,218,315,67.59,21.2,86.2,27.131,23.1,-28.286,3.571
"2021-06-19",707,3,NA,NA,67.59,17.6,86,0,25.3,-28.571,3.571
"2021-06-20",559,0,NA,NA,67.59,17.7,84,30.342,20.7,-29.571,3.714
"2021-06-21",691,1,197,294,67.59,14.1,87.4,11.022,24.4,-30.286,4
"2021-06-22",659,3,185,277,67.59,14.6,70.5,0,24.9,-30.714,4
"2021-06-23",703,4,170,255,62.04,14.3,69.6,0.127,16.6,-31.143,4.143
"2021-06-24",650,2,158,234,62.04,14.6,74,0,14.6,-30.714,4.143
"2021-06-25",559,5,147,216,62.04,14.7,86.4,1.654,21.1,-30.286,4
"2021-06-26",498,0,141,198,32.41,18.8,83.4,0.25,17.4,-29.429,3.857
"2021-06-27",557,1,141,204,32.41,20.2,80.9,14.961,27.9,-28.857,3.857
"2021-06-28",550,0,142,189,32.41,19.9,85.9,0.605,13.8,-28.286,3.714
"2021-06-29",635,4,127,182,32.41,16.8,91.7,4.291,20.2,-28.286,3.571
"2021-06-30",829,0,128,168,32.41,13.9,92.7,6.548,16.9,-28.571,3.571
"2021-07-01",941,3,119,159,32.41,15.1,86,0.322,23.6,-28.429,3.571
"2021-07-02",1125,7,108,140,32.41,16.9,83.8,0.028,13.8,-28,3.429
"2021-07-03",1217,1,102,128,32.41,18,82.3,1.706,18.7,-27.429,3.429
"2021-07-04",1519,0,99,126,32.41,18.2,85.6,2.074,18.9,-27.286,3.571
"2021-07-05",2216,1,110,126,32.41,16.9,83,1.532,20.7,-27.143,3.571
"2021-07-06",3649,1,103,109,32.41,17.8,76.4,2.424,39.8,-26.714,3.714
"2021-07-07",5433,3,104,102,32.41,17.5,72.2,0,23.6,-25.857,3.714
"2021-07-08",6927,2,90,106,32.41,17.4,77.3,0,19.8,-25.571,3.571
"2021-07-09",10283,2,86,120,32.41,16.6,82.6,0,19.4,-25.571,3.571
"2021-07-10",9323,1,82,123,36.11,17,82.9,7.33,9.7,-26.143,3.714
"2021-07-11",8441,0,88,118,36.11,17.6,86.1,2.212,19.3,-26.143,3.571
"2021-07-12",7824,1,84,129,36.11,19,82.6,1.286,17.9,-26.429,3.571
"2021-07-13",10435,3,75,129,36.11,18.8,90.3,0.088,20.4,-26.857,3.714
"2021-07-14",10982,1,74,138,36.11,18,92.5,0.162,27.3,-27.714,3.857
"2021-07-15",11300,3,72,158,36.11,18.2,86,1.11,28.5,-28.714,4.286
"2021-07-16",11036,2,75,190,36.11,17.9,74.2,0,23.2,-29.429,4.571
"2021-07-17",10140,0,77,207,36.11,19.4,75.3,0,20.9,-29,4.286
"2021-07-18",8874,1,76,235,36.11,19.6,77.7,0,23.7,-28.286,4.143
"2021-07-19",6712,2,84,277,36.11,18,75.3,0,17.5,-28.571,4.143
"2021-07-20",6907,5,100,315,41.67,17.6,70.8,0,11.2,-28.286,4
"2021-07-21",6241,3,106,322,41.67,19.3,71.3,0,13.5,-27.857,3.714
"2021-07-22",6398,3,107,329,41.67,18,72.5,0,17.7,-27.571,3.429
"2021-07-23",5269,3,107,370,41.67,17.5,75.7,0,17.3,-27.714,3.286
"2021-07-24",4593,4,116,388,41.67,18.6,80.1,0.007,17.1,-28.571,3.571
"2021-07-25",3851,4,134,399,41.67,19.5,84.6,5.959,15.1,-29.571,3.714
"2021-07-26",3973,1,140,437,41.67,19.1,87.4,2.973,21.1,-30.143,4
"2021-07-27",3461,3,159,457,41.67,18,87.5,9.152,17.2,-31,4.429
"2021-07-28",4429,8,164,465,41.67,17.5,82.3,4.794,38.6,-32,4.857
"2021-07-29",3404,3,177,471,41.67,17.1,70.2,5.127,39.1,-32.429,5.143
"2021-07-30",2935,6,176,475,41.67,16.8,77.2,5.357,35.3,-33.143,5.429
"2021-07-31",2304,6,181,486,41.67,17,84.5,10.595,34,-33.714,5.571
"2021-08-01",2094,2,187,496,41.67,16.3,85.8,3.667,20.4,-34.429,5.714
"2021-08-02",2184,0,197,522,41.67,15,75.5,0,16.8,-34,5.714
"2021-08-03",2817,3,199,520,41.67,14.8,79.6,0.454,13.4,-33.571,5.571
"2021-08-04",3382,7,192,470,41.67,16.1,81.7,19.652,18.6,-33,5.429
"2021-08-05",2950,11,199,474,41.67,17.9,80.4,0,14,-32.857,5.429
"2021-08-06",2425,8,206,473,41.67,18.8,77,1.237,36.8,-33,5.571
"2021-08-07",2318,9,201,475,41.67,17.2,78.6,4.8,26.7,-32.286,5.429
"2021-08-08",2026,2,200,473,41.67,16.8,81.8,6.337,38.9,-31.857,5.429
"2021-08-09",2161,2,212,478,41.67,16.9,80.1,6.108,33,-32.286,5.571
"2021-08-10",2163,10,214,472,41.67,17.3,79.4,3.273,23.4,-32.429,5.714
"2021-08-11",2607,10,210,446,41.67,17.6,82.2,0,16.7,-32,5.571
"2021-08-12",2720,7,210,439,41.67,18.3,81.1,0,18.6,-31.571,5.429
"2021-08-13",2343,7,196,450,41.67,17.9,79.9,0,29.4,-30.857,5.143
"2021-08-14",2289,7,198,454,41.67,18.3,80,0,24.8,-29.857,4.857
"2021-08-15",2249,3,200,471,41.67,19.2,77.3,0,33,-28,4.429
"2021-08-16",2306,6,199,504,41.67,16.6,74.2,4.098,39.8,-27.714,4.429
"2021-08-17",2819,6,198,488,41.67,15.4,83.1,5.484,26.4,-27.857,4.571
"2021-08-18",2574,8,212,469,41.67,17,83.7,0.138,26.9,-28.143,4.857
"2021-08-19",2262,6,220,452,41.67,16.7,87.2,1.142,20.7,-28.429,5.143
"2021-08-20",2436,6,215,452,41.67,17.7,85.9,0.927,20.4,-28,5.143
"2021-08-21",2453,8,218,439,41.67,18.2,85.3,0.371,14.1,-27.429,5.143
"2021-08-22",2390,6,219,441,41.67,18,91.9,19.153,23.6,-29.143,5.714
"2021-08-23",2437,3,224,454,41.67,18.4,76.2,0.092,23.9,-28.143,5.286
"2021-08-24",2906,12,230,461,41.67,17.4,79.2,0,20.4,-26.571,4.714
"2021-08-25",2642,10,228,446,41.67,16.1,85.9,0,22.4,-25.429,4.429
"2021-08-26",2875,9,218,440,41.67,16.4,77.8,0.32,21.7,-24.571,4
"2021-08-27",2450,3,222,437,41.67,15.4,80.4,1.721,28.1,-24.143,4
"2021-08-28",2325,10,224,421,41.67,17,80.4,0.333,27.9,-24.714,4.143
"2021-08-29",2196,3,224,418,41.67,16.3,86.6,0.599,23.8,-24.286,4.143
"2021-08-30",2350,4,220,469,41.67,17.6,84.8,0,22.2,-23.429,4.143
"2021-08-31",2867,12,212,459,41.67,15.8,84.8,0,18.5,-22.857,4.143
"2021-09-01",2800,4,207,436,41.67,16.6,76.8,0,11.1,-22.143,4
"2021-09-02",2569,8,209,442,41.67,16.2,78.3,0,13,-21,3.857
"2021-09-03",2713,9,216,439,41.67,16,83.6,0,19.4,-19.429,3.429
"2021-09-04",2374,10,212,442,41.67,15.9,80.6,0,23,-18.857,3.286
"2021-09-05",2115,2,213,467,41.67,16.1,79,0,17.1,-16.571,2.857
"2021-09-06",2481,3,220,462,41.67,17.3,79.8,0,12.3,-15.429,2.571
"2021-09-07",2820,8,215,463,41.67,19.2,74.7,0,10.4,-14.429,2.286
"2021-09-08",2395,7,219,452,41.67,20.1,71.3,0,17.9,-13.286,2
"2021-09-09",2713,3,214,443,41.67,19.7,77.1,0,20.9,-12.857,1.857
"2021-09-10",2198,4,211,462,41.67,19.5,86.9,1.334,20.3,-13,2
"2021-09-11",22,6,209,439,41.67,18.5,87.9,1.132,26,-13.429,2.143
"2021-09-12",3831,0,205,435,41.67,17,82.2,0,17.3,-14.429,2.286
"2021-09-13",2029,5,208,450,41.67,15.3,86.5,0.06,16.3,-14.571,2.286
"2021-09-14",2376,11,203,432,41.67,17.4,82.6,0.144,17,-14.857,2.286
"2021-09-15",2098,7,200,400,41.67,17.1,87.8,0.236,23.5,-15.714,2.571
"2021-09-16",2170,8,202,378,41.67,16.7,78.2,0.428,23.1,-15.857,2.429
"2021-09-17",2017,10,194,372,41.67,16.4,87.1,0.353,19.7,-15.714,2.286
"2021-09-18",1663,4,192,359,41.67,15.7,85.7,0,14.2,-15.143,2.143
"2021-09-19",1347,3,195,364,41.67,15.9,82,0,18.3,-15,2
"2021-09-20",1690,10,198,367,41.67,13.7,69.4,0,20.8,-15.571,2
"2021-09-21",1929,6,200,378,41.67,12.7,80.1,0,17,-16,2
"2021-09-22",1838,4,186,346,41.67,14.9,81.6,0,20,-16.143,1.857
"2021-09-23",1698,12,183,330,41.67,16.1,81.1,0,33.9,-16.571,2.143
"2021-09-24",1611,4,175,316,41.67,17.5,79.5,0,33.2,-16.571,2.143
"2021-09-25",1613,3,173,297,41.36,18.1,87.6,0,17.3,-16.143,2.143
"2021-09-26",1387,1,169,304,41.36,17.5,85.1,0.735,19.8,-16.286,2.286
"2021-09-27",1729,7,164,320,41.36,16.1,86.5,3.25,35.5,-16.571,2.429
"2021-09-28",1783,8,154,321,41.36,14.4,77.6,0.035,20.9,-16.429,2.429
"2021-09-29",1703,6,143,313,41.36,12.6,82.2,11.186,29.7,-17.429,2.714
"2021-09-30",1733,2,140,316,41.36,12.7,72,1.414,30.5,-17.714,2.714
"2021-10-01",1666,6,132,305,41.33,13.6,81.8,10.77,30.5,-18.571,3
"2021-10-02",1619,5,128,294,41.33,13.1,89.9,11.554,41.2,-19.857,3.286
"2021-10-03",1638,1,131,319,41.33,13.8,88.7,12.8,38.3,-21.714,3.714
"2021-10-04",1903,4,128,326,41.33,13.5,79.6,0.374,36.9,-21.857,3.714
"2021-10-05",1895,7,132,351,41.33,13,83.2,5.794,34.3,-22.857,3.857
"2021-10-06",2759,3,134,347,41.33,12.9,87.1,23.708,28.9,-22.714,3.857
"2021-10-07",2792,6,128,341,41.33,12.7,90.8,0.132,10.7,-22.714,3.714
"2021-10-08",2510,2,130,339,35.75,11,90.6,0.004,13.7,-22.286,3.571
"2021-10-09",2258,2,127,343,35.75,10.8,89.8,0.014,13.7,-21.571,3.429
"2021-10-10",2719,1,130,349,35.75,10.4,90.6,1.378,15.6,-19.857,3.143
"2021-10-11",2887,5,138,359,35.75,12.3,82.5,0.696,23.4,-19.857,3.143
"2021-10-12",3733,7,138,374,35.75,11.6,82.6,6.047,26.7,-19.714,3.143
"2021-10-13",3634,12,137,387,35.75,11,83.2,0.653,19.3,-19.714,3
"2021-10-14",3716,4,140,394,35.75,14.2,83.7,1.562,29.8,-19.714,3.143
"2021-10-15",3703,7,137,406,35.72,12.6,76.2,2.136,33.1,-19.857,3.143
"2021-10-16",3677,5,138,408,35.72,10.8,77.1,0,20.1,-19.857,3.143
"2021-10-17",3354,6,142,411,35.72,11.9,73.3,0.018,22.7,-20.286,3.143
"2021-10-18",3899,4,146,464,35.72,11.5,81.8,0,20.6,-21,3.286
"2021-10-19",4582,14,152,465,35.72,16.1,91.6,1.458,36.8,-21.571,3.429
"2021-10-20",5206,11,165,485,35.72,16,83,1.99,44.5,-22.143,3.571
"2021-10-21",5869,7,164,496,35.72,10.8,79.2,31.688,43.5,-23,3.857
"2021-10-22",5680,10,174,524,35.69,9.9,74.5,5.059,43.3,-24,4.143
"2021-10-23",6296,23,179,524,35.69,8.5,86.4,0.009,14.1,-24.857,4.286
"2021-10-24",5296,1,185,563,35.69,8.5,83.8,0,19.6,-24,4.286
"2021-10-25",5749,6,199,597,35.69,10.3,93.8,1.185,21.7,-23.857,4.286
"2021-10-26",7264,20,192,657,35.69,12.3,90.4,0.617,26.7,-23.571,4.286
"2021-10-27",7685,17,200,659,35.69,13.7,87.3,0,27.6,-23.143,4.286
"2021-10-28",7391,14,203,741,35.69,11.7,85.7,0,26.9,-22.143,4
"2021-10-29",7946,13,217,804,35.66,12.5,79.7,0.094,34.1,-21.286,3.857
"2021-10-30",8174,13,218,824,35.66,12.1,93.7,9.168,30.1,-21.571,4
"2021-10-31",7694,14,220,902,35.66,11.2,91.8,11.237,30.7,-22.857,4.143
"2021-11-01",7731,12,236,976,35.66,10,82.4,0.622,38.2,-22.143,4.143
"2021-11-02",9112,18,240,1072,35.66,7.2,93.7,3.127,15.2,-21.857,4.143
"2021-11-03",10214,33,250,1060,35.66,5.7,94.6,1.2,13.6,-21.857,4.143
"2021-11-04",10911,23,273,1054,35.66,6.6,91.7,3.438,14.8,-22.286,4.286
"2021-11-05",11962,20,286,1064,35.64,8.2,86.7,0.781,19.3,-22.571,4.429
"2021-11-06",11349,36,288,1111,35.64,10.7,86.8,0.666,34.6,-22.429,4.429
"2021-11-07",11805,8,305,1185,35.64,10.4,77.4,2.122,34.3,-22.857,4.571
"2021-11-08",11289,22,326,1247,35.64,8.3,85,0.15,19.4,-23.429,4.571
"2021-11-09",12648,29,319,1328,35.64,8.2,92.8,0,23.2,-23.857,4.571
"2021-11-10",16296,25,327,1320,35.64,10,87.5,0,16,-24,4.571
"2021-11-11",16204,26,330,1369,35.64,10.4,92.3,0.415,13.4,-24,4.714
"2021-11-12",13848,32,353,1402,35.62,8.3,88.1,0.346,23.8,-24.143,4.857
"2021-11-13",12030,33,365,1425,46.73,11.2,94.4,9.503,26.8,-25,5.143
"2021-11-14",19197,6,377,1486,46.73,9.9,92.9,0.177,17,-25.571,5.286
"2021-11-15",20178,16,380,1605,46.73,7,89.8,0,16.7,-26.286,5.571
"2021-11-16",20764,35,385,1686,46.73,5.1,90.3,0.062,14.1,-27,6
"2021-11-17",23593,44,402,1675,46.73,8.8,86.7,0.526,23.7,-27.714,6.286
"2021-11-18",21032,34,413,1697,46.73,10.4,86.9,0,30.7,-28.714,6.571
"2021-11-19",21798,37,428,1719,46.7,12.2,89.4,0,26.5,-29.571,6.857
"2021-11-20",20646,55,432,1785,46.7,10.5,89.8,0.35,23.5,-30.143,7
"2021-11-21",23002,11,466,1850,46.7,8.4,82.7,2.535,21.7,-30.571,7
"2021-11-22",22956,29,470,1960,46.7,5.2,83,0,14.1,-30.429,7
"2021-11-23",23713,53,488,2052,46.7,7.2,93.5,0.748,9.6,-30.286,6.857
"2021-11-24",22189,50,505,2030,46.7,7.1,88.5,0.009,19.4,-30.429,6.857
"2021-11-25",21281,60,530,2015,46.7,6.3,85.5,1.235,16.8,-30.429,6.857
"2021-11-26",22031,59,528,2070,46.67,4.9,86.9,10.531,37.5,-30.571,6.857
"2021-11-27",22135,55,555,2069,50.37,3.7,92.2,13.761,28.7,-31.286,6.857
"2021-11-28",21443,45,551,2091,50.37,2.6,90.3,3.097,20.8,-32.286,7
"2021-11-29",22163,32,563,2209,50.37,4.5,84.3,7.251,26,-32.857,7.286
"2021-11-30",18519,65,595,2250,50.37,8.8,93.9,14.542,36.4,-33.571,7.571
"2021-12-01",23048,45,587,2181,50.37,8.6,83.6,5.035,48.1,-34,7.857
"2021-12-02",21529,65,605,2208,50.37,2.8,86,8.398,23.5,-34.571,8
"2021-12-03",22614,62,603,2125,50.35,3.7,90.2,1.106,38.2,-35.286,8.143
"2021-12-04",23082,56,597,2073,54.03,5.3,94.1,3.935,17.6,-36,8.286
"2021-12-05",20965,26,593,2094,54.03,4.5,92.4,3.085,25.3,-36.286,8.286
"2021-12-06",17921,34,611,2134,54.03,3.1,93.8,3.733,30.5,-36.571,8.286
"2021-12-07",18067,68,624,2202,54.03,4.4,85.4,5.328,34.6,-36.429,8.143
"2021-12-08",19767,72,626,2198,54.03,5.1,86,1.808,31.4,-36.429,8
"2021-12-09",17478,77,626,2204,54.03,3.8,92.6,0.881,23,-36.571,8
"2021-12-10",17716,85,635,2148,54.02,3.4,90.3,0.503,24.1,-36.429,8
"2021-12-11",16588,70,634,2109,54.02,4.6,91.6,0.718,22.2,-35.571,7.857
"2021-12-12",13787,38,642,2120,54.02,8.9,96.5,5.627,24.4,-35.857,8
"2021-12-13",12760,28,630,2118,54.02,9.7,88.8,0.36,20.6,-35.571,7.857
"2021-12-14",13493,74,634,2110,54.02,9.1,93.8,1.194,20.3,-35.429,7.857
"2021-12-15",16329,41,626,1996,54.02,9.9,90.4,0.009,22.9,-35.143,7.857
"2021-12-16",15369,55,623,1923,54.02,6.5,97,0,10.5,-34.571,7.714
"2021-12-17",14616,60,622,1834,54.01,7.8,96.6,0.192,12.7,-34.286,7.571
"2021-12-18",13279,50,618,1736,54.01,6.4,97.7,0.067,10.7,-33.857,7.429
"2021-12-19",12154,48,609,1714,63.89,7.1,94.3,0.371,16.8,-34.429,7.571
"2021-12-20",9316,36,596,1815,63.89,5.1,79.4,0.014,9.9,-35.571,7.857
"2021-12-21",13353,30,595,1754,63.89,-0.2,89.3,0.078,7.6,-36.714,8.143
"2021-12-22",13362,47,581,1674,63.89,-1.7,90.3,0,13.9,-38,8.429
"2021-12-23",12436,40,564,1657,63.89,2.2,90.7,1.506,24.4,-39.571,9
"2021-12-24",12590,40,546,1580,63.89,8,95.1,5.264,27.4,-41.714,9.857
"2021-12-25",11886,44,534,1444,63.89,-0.5,73.3,0.008,28.2,-46,10.286
"2021-12-26",11432,11,541,1442,63.89,-1.7,71.1,0,20.8,-46.857,9.714
"2021-12-27",9175,12,533,1464,63.89,4.8,97.9,1.127,20.4,-48,10.429
"2021-12-28",15817,75,521,1471,63.89,8.7,95.1,3.043,31.5,-49.286,11.286
"2021-12-29",14778,49,515,1450,63.89,9.3,94.4,4.707,29.9,-50.429,12
"2021-12-30",16813,40,492,1365,63.89,12,92.5,0.314,43.6,-51.286,12.571
"2021-12-31",15713,32,481,1285,63.89,12.4,86.1,0.336,40.4,-51.857,12.571
"2022-01-01",17582,27,459,1188,69.44,11.7,89.4,0.332,24.1,-51.429,12.857
"2022-01-02",14536,6,462,1200,69.44,11.5,86.4,6.9,46.3,-51,13.429
"2022-01-03",18506,14,475,1255,69.44,9.5,85.4,0.643,37.7,-50.714,13.286
"2022-01-04",24897,19,464,1229,69.44,6.8,85.8,0.889,20.5,-50.429,13
"2022-01-05",24812,39,449,1185,69.44,5.6,79.7,3.771,41.4,-50.571,12.857
"2022-01-06",34872,12,419,1122,69.44,3.7,82.2,0.116,28.2,-50.286,12.571
"2022-01-07",28357,24,409,1107,69.44,4.4,83.6,2.346,31,-50.143,12.714
"2022-01-08",32484,8,405,1076,69.44,3.7,88.9,11.312,37.6,-49.429,12.857
"2022-01-09",28171,7,397,1073,69.44,5.3,84.5,6.542,33.1,-49.286,12.857
"2022-01-10",29039,8,396,1130,65.74,2.6,93.8,0.005,13.5,-48.571,12.286
"2022-01-11",32244,18,386,1102,65.74,2.5,90,0.706,19.8,-47.857,11.714
"2022-01-12",33835,8,375,1057,65.74,4.1,98.2,0.119,11.2,-46.857,11.143
"2022-01-13",36318,13,358,1002,65.74,5.5,98.8,0.042,20.6,-46.429,10.714
"2022-01-14",31853,15,334,954,65.74,5.6,93.7,0.014,17,-45.429,10.143
"2022-01-15",36511,6,321,898,52.1,3.1,97.7,0.014,17.3,-44.286,9.714
"2022-01-16",42352,7,311,906,50.23,6.1,88,0.043,24.3,-43.857,9.571
"2022-01-17",0,3,316,923,50.23,6.8,85.7,0.015,27.7,-43.429,9.286
"2022-01-18",69695,0,302,883,50.23,3.3,98.7,0.019,13.9,-43,9.143
"2022-01-19",40038,20,302,846,50.23,4.9,90.5,1.068,24.7,-42,9
"2022-01-20",57570,12,289,834,50.23,4.2,76.8,1.13,35.3,-41.143,8.857
"2022-01-21",46147,12,287,821,50.22,4.5,86.2,0.656,23.2,-40.143,8.714
"2022-01-22",65367,10,287,796,50.22,6.6,87.3,0.024,17.2,-39,8.714
"2022-01-23",64677,2,275,818,50.22,6.2,89,0.076,9.6,-38,8.714
"2022-01-24",54160,8,262,879,50.22,4.8,77.5,0,10.3,-37.429,8.857
"2022-01-25",58700,9,252,911,50.22,3.2,80.7,0,9.5,-36.857,8.857
"2022-01-26",64555,12,249,905,50.22,4.6,84,0,27.2,-37.143,8.714
"2022-01-27",74088,14,233,898,50.22,7.3,84.9,2.081,33.8,-37.286,8.571
"2022-01-28",39444,9,238,903,50.21,6.6,80.9,0,29.6,-37,8.286
"2022-01-29",75220,8,213,916,48.33,9.2,83.2,0.038,45.4,-36.429,8
"2022-01-30",112227,2,209,945,48.33,6.4,70,0.009,36.1,-35.429,7.571
"2022-01-31",105818,5,212,1035,48.33,5.9,80.4,7.224,61,-36,7.571
"2022-02-01",66999,16,206,1137,48.33,7.3,84.4,2.166,40.8,-35.857,7.429
"2022-02-02",82886,10,215,1157,48.33,8.4,85.4,0.611,36.9,-35.286,7.429
"2022-02-03",68936,7,218,1168,48.33,7.6,92,0.998,27.2,-35,7.286
"2022-02-04",40135,4,214,1152,48.32,6.8,85.2,6.796,42,-35.286,7.429
"2022-02-05",94894,11,229,1134,48.32,6.4,78.7,3.87,53.3,-34.857,7.286
"2022-02-06",77619,9,211,1133,48.32,7.5,85.5,13.603,54,-36.571,7.714
"2022-02-07",380399,5,214,1279,48.32,6.2,75.2,0.403,45.6,-35.571,7.429
"2022-02-08",86559,0,226,1354,48.32,9.7,81,0.012,35.5,-35.286,7.286
"2022-02-09",86789,8,206,1325,48.32,8.9,88.8,0.223,31.2,-35.286,7.143
"2022-02-10",80630,15,198,1315,48.32,6.8,83.9,3.805,21.4,-34.857,7.143
"2022-02-11",70357,19,189,1351,48.32,4.5,73.9,1.697,37.8,-34.143,6.857
"2022-02-12",60165,12,176,1295,48.32,2.9,73.4,0,30.8,-33.857,6.714
"2022-02-13",55011,7,179,1303,48.32,5.3,71.7,0,36.1,-32.286,6.429
"2022-02-14",53519,7,181,1373,48.32,9.2,75.3,1.228,42.7,-32,6.286
"2022-02-15",63880,12,181,1475,37.21,7.3,85.7,9.646,41.5,-31.714,6.286
"2022-02-16",56378,18,173,1477,37.21,10.3,91,7.597,61.3,-31.429,6.286
"2022-02-17",49289,17,168,1420,37.21,8.8,70.4,0.152,56.8,-30.857,6.143
"2022-02-18",33609,16,179,1405,34.69,8.2,77.8,1.17,82.5,-34.429,7
"2022-02-19",36440,11,182,1368,34.69,6.1,71.1,11.876,62.4,-36.143,7
"2022-02-20",35987,8,168,1378,34.69,7.9,89,19.7,67.8,-37.571,7.143
"2022-02-21",34672,6,166,1445,34.69,6.5,76.4,6.6,56.5,-38.286,7.286
"2022-02-22",2,18,171,1455,34.69,7,85.2,1.955,44,-38.429,7.143
"2022-02-23",40571,11,163,1411,34.69,7.6,76.1,0,35.6,-37.857,6.857
"2022-02-24",41184,13,163,1392,34.69,6.4,76.8,6.122,40.3,-38.143,6.714
"2022-02-25",37542,8,159,1354,30.5,5.5,77.4,1.621,34.3,-34.286,5.571
"2022-02-26",32898,6,169,1229,30.5,3.5,83.6,0.005,16.9,-31,5.143
"2022-02-27",27383,3,169,1190,30.5,4.9,66.9,0,31.5,-27,4.429
"2022-02-28",28867,6,162,1308,30.5,4.8,62.8,0,24.3,-26,4.143
"2022-03-01",36496,16,150,1258,30.5,4.6,78.2,1.598,11.4,-26,4.143
"2022-03-02",48489,12,160,1285,30.5,6.3,70.9,0,18,-26.286,4.143
"2022-03-03",58284,7,155,1256,30.5,5.3,58.5,0,21.8,-26.143,4.143
"2022-03-04",68312,10,147,1244,30.5,4.9,62.3,0,18.1,-26.429,4.286
"2022-03-05",67208,9,157,1201,30.5,2.4,74.8,0,18.1,-27.571,4.571
"2022-03-06",66799,4,157,1211,30.5,3.4,71.1,0,27.9,-29.429,4.857
"2022-03-07",64454,0,161,1325,30.5,3.2,72.5,0,21.2,-29.714,4.857
"2022-03-08",66234,12,157,1429,30.5,5,53.3,0,31.5,-29.429,4.714
"2022-03-09",74246,10,170,1460,30.5,6.8,51.7,0,20.5,-29.429,4.714
"2022-03-10",74518,41,160,1498,30.5,8.7,52.4,0,26.7,-29.143,4.571
"2022-03-11",69186,13,160,1503,30.5,9.9,47.8,0,32.1,-28.857,4.429
"2022-03-12",60049,11,154,1528,30.5,10.8,62.9,0.116,27.1,-28.857,4.429
"2022-03-13",52342,8,152,1622,30.5,12.1,59.8,0,24.3,-28.286,4.429
"2022-03-14",45900,6,151,1769,19.39,9.5,77.9,0.157,24.4,-28.143,4.429
"2022-03-15",52897,12,156,1796,19.39,8.8,75,0,13,-27.714,4.286
"2022-03-16",60265,11,161,1810,19.39,9.4,73,0,27.9,-27.286,4.143
"2022-03-17",53669,19,154,1801,19.39,8.3,76.9,1.355,30.4,-27.143,4.143
"2022-03-18",54220,19,152,1823,19.38,8.2,76,0,23.2,-26.714,4
"2022-03-19",41460,11,139,1665,19.38,8.8,60.1,0,31.9,-26.143,3.857
"2022-03-20",34823,8,137,1723,19.38,5.2,70.1,0.228,28.1,-26.714,3.857
"2022-03-21",31921,3,148,1869,19.38,7.7,64.8,0,16,-26.286,3.714
"2022-03-22",40558,25,158,1832,19.38,11.2,67.4,0,10.8,-25.857,3.571
"2022-03-23",42788,16,158,1869,17.5,11.3,62.2,0,16.3,-25.429,3.429
"2022-03-24",39098,15,147,1826,17.5,10.1,66.5,0,12.1,-24.857,3.143
"2022-03-25",34994,20,143,1854,17.49,8.9,66.5,0,20,-24.286,3
"2022-03-26",28145,20,149,1757,17.49,9.8,71.1,0,19.2,-23,2.714
"2022-03-27",25018,7,155,1776,17.49,10,71,0,17.9,-21,2.429
"2022-03-28",21517,10,135,1916,17.49,8.1,85.6,0,16.3,-20.857,2.429
"2022-03-29",30697,16,123,1933,17.49,8.4,79.8,0,17.8,-21,2.429
"2022-03-30",27783,37,124,1855,17.49,6.3,76.1,0.014,25.9,-21.286,2.571
"2022-03-31",25444,26,127,1787,17.49,2.3,91.3,16.085,36.3,-21.714,2.857
"2022-04-01",21752,6,121,1706,17.49,2.6,72.5,7.551,45,-22.429,3.143
"2022-04-02",16951,14,125,1633,17.49,3.7,60.5,0.014,26.3,-23.857,3.429
"2022-04-03",12377,6,117,1624,17.49,3.2,78.2,0.7,20.8,-26.143,3.714
"2022-04-04",10773,10,104,1688,17.49,7,86.9,11.267,45.6,-26.286,3.857
"2022-04-05",14039,14,103,1636,17.49,9.6,90.2,2.848,34.1,-26.286,4
"2022-04-06",13041,21,95,1523,19.38,10,81.3,0.596,50,-26.286,4.143
"2022-04-07",12881,9,97,1498,19.38,8.7,79.7,11.153,57.4,-25.857,4.143
"2022-04-08",10873,13,110,1440,19.37,6.6,73.6,4.312,39.6,-25.143,3.857
"2022-04-09",9908,16,103,1381,19.37,6,74.4,0.255,36.9,-24.429,3.857
"2022-04-10",7178,2,103,1340,19.37,6.4,67.3,3.631,19.9,-21.429,3.714
"2022-04-11",6636,3,86,1388,19.37,9.1,59.9,0.064,23.9,-20.571,3.429
"2022-04-12",6308,15,94,1329,19.37,13.4,57.8,0,23.8,-19.286,3.143
"2022-04-13",4944,22,89,1273,19.37,13.2,77.5,0,19.9,-18.429,2.857
"2022-04-14",4695,10,94,1213,19.37,12.1,78.6,0.007,21,-17.286,2.286
"2022-04-15",4139,8,101,1137,19.37,9.4,80.6,0,17.3,-17.571,2.571
"2022-04-16",3495,4,NA,NA,19.37,10.9,65,0,18.8,-16.857,2.286
"2022-04-17",2838,1,NA,NA,19.37,11.8,46.9,0,20.5,-17,1.857
"2022-04-18",2075,2,NA,NA,19.37,12.9,46.6,0,17.3,-18.429,3
"2022-04-19",2505,4,85,1080,15.67,12.3,61,0,23.1,-18.571,2.857
"2022-04-20",3522,11,77,1049,15.67,11.9,59,0.009,24.4,-18.286,2.714
"2022-04-21",3036,19,79,1020,15.67,12,63.6,0,28,-18.429,2.714
"2022-04-22",2617,9,83,966,15.67,13.4,63.4,0,29.1,-17.429,2.143
"2022-04-23",2045,10,NA,NA,15.67,14,60.1,0,35.5,-17,2
"2022-04-24",1590,5,NA,NA,15.67,12,63,0,32.4,-17,2.143
"2022-04-25",1406,6,81,916,15.67,9.1,79.6,0.446,23.9,-15.714,1
"2022-04-26",1862,7,76,906,15.67,9.4,69.3,0,24.2,-14.571,0.857
"2022-04-27",1757,3,NA,NA,15.67,8.1,72.6,0,14.2,-12.714,1.857
"2022-04-28",1248,2,66,800,15.67,8.1,75.2,0,21.5,-13.571,2.286
"2022-04-29",1676,4,65,787,15.67,8.8,73.9,0,24.3,-14.429,2.571
"2022-04-30",1596,6,NA,NA,15.67,8.5,74.8,0,19.8,-15.286,2.857
